{"cameraMode":{"drawMode":0,"name":"Shaded","section":"Shading Mode"},"sceneLighting":true,"audioPlay":false,"sceneViewState":{"m_AlwaysRefresh":false,"showFog":true,"showSkybox":true,"showFlares":true,"showImageEffects":true,"showParticleSystems":true,"showVisualEffectGraphs":true,"m_FxEnabled":true},"in2DMode":false,"pivot":{"x":-3.6167068481445314,"y":-0.5573830604553223,"z":7.994144916534424},"rotation":{"x":-0.23557992279529572,"y":0.08791116625070572,"z":-0.02138778381049633,"w":-0.9676455855369568},"size":7.986946105957031,"orthographic":false}